{
  "id": "user-model-juiqvi",
  "type": "UserModelEntity",
  "data": {
    "glbUrl": "plugins/html-cloth.mjs",
    "position": {
      "x": -0.0858929306268692,
      "y": 3.06215238571167,
      "z": 0.28382179141044617
    },
    "rotation": {
      "x": -180,
      "y": -3.9114596099014287,
      "z": 179.99999999999997
    },
    "scale": 1,
    "scriptName": "HtmlCloth",
    "params": {
      "glossiness": 0.21428571428571444,
      "metalness": 1,
      "clothMass": 10
    },
    "state": {},
    "hidden": true
  },
  "state": {}
}